sku,name,url,price,categories,group_id,image_url,in_stock,keywords,annual_price,discount_pct,contract_length,energy_source,customer_type,plan_type,speed_mbps,data_allowance,green_energy_pct,promo_badge,rating,category_l1,category_l2,category_l3,description,features,image_url_secondary,on_sale,eco_aware,households_switched_30d,offer_ends_at,lng:es_ES:name,lng:es_ES:description,lng:es_ES:keywords
ELEC-GREEN-100,EcoFlex 100% Green Electricity,/plan/ELEC-GREEN-100,49.9,Energy|Electricity|Green Plans,ELEC-GREEN,https://images.unsplash.com/photo-1466611653911-95081537e5b7?auto=format&fit=crop&w=720&q=70,true,renewable|wind|solar|no commitment|household|carbon-neutral,539,15,No commitment,100% Renewable,Residential,Electricity,,,100,Best Seller,4.7,Electricity,Green Plans,Residential,"100% renewable electricity sourced from Spanish wind and solar farms. Lock in your rate, switch in 5 minutes, no setup fee. Includes the NovaPower app to track usage in real time.","Certified 100% renewable origin|No commitment, leave any time|Real-time usage in the NovaPower app|Free smart-meter installation",https://images.unsplash.com/photo-1518495973542-4542c06a5843?auto=format&fit=crop&w=720&q=70,true,true,4892,,EcoFlex Electricidad 100% Verde,"100% Renovable electricity sourced from Spanish wind and solar farms. Lock in your rate, Cambia en 5 minutos, no setup fee. Includes the NovaPower app to track usage in real time.",Renovable|wind|solar|Sin permanencia|household|carbon-neutral
ELEC-GREEN-50,EcoStart 50% Green Electricity,/plan/ELEC-GREEN-50,39.9,Energy|Electricity|Green Plans,ELEC-GREEN,https://images.unsplash.com/photo-1509391366360-2e959784a276?auto=format&fit=crop&w=720&q=70,true,renewable|partial green|no commitment|entry-level,430,,No commitment,50% Renewable,Residential,Electricity,,,50,New,4.4,Electricity,Green Plans,Residential,A greener entry-level plan. Half of every kWh comes from renewable sources.,50% renewable mix|No commitment|Free smart-meter install,,,true,1340,,EcoStart 50% Electricidad Verde,A greener entry-level Plan. Half of every kWh comes from Renovable sources.,Renovable|partial green|Sin permanencia|entry-level
ELEC-FLEX,FlexPower Standard Electricity,/plan/ELEC-FLEX,36.5,Energy|Electricity|Standard,ELEC-STD,https://images.unsplash.com/photo-1473308822086-710304d7d30c?auto=format&fit=crop&w=720&q=70,true,standard|monthly|flexible|no commitment,392,,No commitment,Standard mix,Residential,Electricity,,,,,4.2,Electricity,Standard,Residential,"A simple, flexible monthly plan. Pay for what you use, change any time.",Pay-as-you-go|No exit fee|Detailed monthly bill,,,,2210,,FlexPower Standard Electricity,"A simple, flexible monthly Plan. Pay for what you use, change any time.",standard|monthly|flexible|Sin permanencia
ELEC-FIXED-12,StablePrice Electricity — 12 months,/plan/ELEC-FIXED-12,42,Energy|Electricity|Fixed,ELEC-FIXED,https://images.unsplash.com/photo-1473308822086-710304d7d30c?auto=format&fit=crop&w=720&q=70,true,fixed price|12 months|predictable|residential,504,,12 months,Standard mix,Residential,Electricity,,,,,4.5,Electricity,Fixed,Residential,Lock in your rate for 12 months and protect yourself from price swings.,Fixed price for 12 months|No surprise bills|Switch online in 5 minutes,,,,1788,,StablePrice Electricity — 12 months,Lock in your rate for 12 months and protect yourself from price swings.,fixed price|12 months|predictable|residential
ELEC-FIXED-24,StablePrice Electricity — 24 months,/plan/ELEC-FIXED-24,39.5,Energy|Electricity|Fixed,ELEC-FIXED,https://images.unsplash.com/photo-1473308822086-710304d7d30c?auto=format&fit=crop&w=720&q=70,true,fixed price|24 months|long term|residential|savings,474,10,24 months,Standard mix,Residential,Electricity,,,,Limited Offer,4.6,Electricity,Fixed,Residential,Two years of stable pricing — our best fixed-rate plan for households.,Fixed for 24 months|10% loyalty discount|Free smart-meter install,,true,,970,2026-07-31,StablePrice Electricity — 24 months,Two years of stable pricing — our best fixed-rate Plan for households.,fixed price|24 months|long term|residential|savings
ELEC-NIGHT,NightSaver Off-Peak Electricity,/plan/ELEC-NIGHT,34.9,Energy|Electricity|Tariff,ELEC-STD,https://images.unsplash.com/photo-1473308822086-710304d7d30c?auto=format&fit=crop&w=720&q=70,true,off-peak|night|EV charging|smart meter|residential,419,,12 months,Standard mix,Residential,Electricity,,,,,4.4,Electricity,Tariff,,Cheaper electricity from 22:00 to 08:00. Perfect for EV owners and heat pumps.,50% cheaper at night|Smart meter required|Best for EV charging,,,,612,,NightSaver Off-Peak Electricity,Cheaper electricity from 22:00 to 08:00. Perfect for EV owners and heat pumps.,off-peak|night|EV charging|smart meter|residential
ELEC-BIZ-S,NovaPower Business — Small,/plan/ELEC-BIZ-S,79,Energy|Electricity|Business,ELEC-BIZ,https://images.unsplash.com/photo-1497366216548-37526070297c?auto=format&fit=crop&w=720&q=70,true,business|small office|fixed price|dedicated support,948,,12 months,Standard mix,Business,Electricity,,,,,4.5,Electricity,Business,,Built for shops and small offices up to 15 kW. Dedicated business support line.,Up to 15 kW|Dedicated support|Custom invoicing,,,,305,,NovaPower Business — Small,Built for shops and small offices up to 15 kW. Dedicated business support line.,business|small office|fixed price|dedicated support
ELEC-BIZ-L,NovaPower Business — Industrial,/plan/ELEC-BIZ-L,249,Energy|Electricity|Business,ELEC-BIZ,https://images.unsplash.com/photo-1497366216548-37526070297c?auto=format&fit=crop&w=720&q=70,true,business|industrial|high consumption|account manager,2988,,24 months,Standard mix,Business,Electricity,,,,,4.3,Electricity,Business,,For warehouses and light industrial sites with consumption above 50 kW.,50 kW+|Personal account manager|Quarterly review,,,,78,,NovaPower Business — Industrial,For warehouses and light industrial sites with consumption above 50 kW.,business|industrial|high consumption|account manager
GAS-FIXED-12,WarmHome Gas — 12 months,/plan/GAS-FIXED-12,32.5,Energy|Gas|Fixed,GAS-FIXED,https://images.unsplash.com/photo-1605000797499-95a51c5269ae?auto=format&fit=crop&w=720&q=70,true,natural gas|fixed price|residential|heating,390,,12 months,,Residential,Gas,,,,,4.3,Gas,Fixed,,A predictable gas bill for one year. Ideal for households with central heating.,Fixed for 12 months|Free boiler check (1st year)|24/7 emergency line,,,,1102,,WarmHome Gas — 12 months,A predictable gas bill for one year. Ideal for households with central heating.,natural gas|fixed price|residential|heating
GAS-FIXED-24,WarmHome Gas — 24 months,/plan/GAS-FIXED-24,29.9,Energy|Gas|Fixed,GAS-FIXED,https://images.unsplash.com/photo-1605000797499-95a51c5269ae?auto=format&fit=crop&w=720&q=70,true,natural gas|fixed price|long term|savings,358,8,24 months,,Residential,Gas,,,,Most Popular,4.5,Gas,Fixed,,Lock in two years of stable gas pricing.,Fixed 24 months|8% loyalty discount|Free boiler check (annual),,,,1456,,WarmHome Gas — 24 months,Lock in two years of stable gas pricing.,natural gas|fixed price|long term|savings
GAS-FLEX,FlexHeat Standard Gas,/plan/GAS-FLEX,27.9,Energy|Gas|Standard,GAS-STD,https://images.unsplash.com/photo-1605000797499-95a51c5269ae?auto=format&fit=crop&w=720&q=70,true,gas|monthly|flexible|no commitment,335,,No commitment,,Residential,Gas,,,,,4.1,Gas,Standard,,A no-commitment gas plan. Great if you may move soon.,Pay-as-you-go|No exit fee|Switch in 5 minutes,,,,720,,FlexHeat Standard Gas,A no-commitment gas Plan. Great if you may move soon.,gas|monthly|flexible|Sin permanencia
GAS-ECO,BioGas — Carbon-Offset Plan,/plan/GAS-ECO,34.9,Energy|Gas|Green Plans,GAS-ECO,https://images.unsplash.com/photo-1518495973542-4542c06a5843?auto=format&fit=crop&w=720&q=70,true,biogas|offset|sustainable|certified|residential,419,,12 months,,Residential,Gas,,,,Eco,4.6,Gas,Green Plans,,Biomethane + verified carbon offsets for every kWh you use.,Verified biomethane|Carbon offsets included|Annual sustainability report,,,true,487,,BioGas — Carbon-Offset Plan,Biomethane + verified carbon offsets for every kWh you use.,biogas|offset|sustainable|certified|residential
GAS-BIZ,NovaPower Business Gas,/plan/GAS-BIZ,119,Energy|Gas|Business,GAS-BIZ,https://images.unsplash.com/photo-1497366216548-37526070297c?auto=format&fit=crop&w=720&q=70,true,business|gas|fixed|dedicated support,1428,,12 months,,Business,Gas,,,,,4.2,Gas,Business,,"Predictable gas pricing for restaurants, hotels, and small industrial sites.",Fixed for 12 months|Business support line|Custom billing cycle,,,,134,,NovaPower Business Gas,"Predictable gas pricing for restaurants, hotels, and small industrial sites.",business|gas|fixed|dedicated support
FIBER-300,NovaFiber 300 Mb,/plan/FIBER-300,24.99,Connectivity|Broadband|Fiber,FIBER,https://images.unsplash.com/photo-1551703599-6b3e8379aa8d?auto=format&fit=crop&w=720&q=70,true,fiber|broadband|home wifi|symmetric|300mb,299.88,,12 months,,Residential,Broadband,300,,,,4.4,Broadband,Fiber,,Symmetric 300 Mb fiber for everyday streaming and home office. Wi-Fi 6 router included.,Symmetric 300/300 Mb|Wi-Fi 6 router included|Free installation,https://images.unsplash.com/photo-1518770660439-4636190af475?auto=format&fit=crop&w=720&q=70,,,2840,,NovaFibra 300 Mb,Symmetric 300 Mb Fibra for everyday streaming and home office. Wi-Fi 6 router included.,Fibra|broadband|home wifi|symmetric|300mb
FIBER-600,NovaFiber 600 Mb,/plan/FIBER-600,29.99,Connectivity|Broadband|Fiber,FIBER,https://images.unsplash.com/photo-1551703599-6b3e8379aa8d?auto=format&fit=crop&w=720&q=70,true,fiber|broadband|home wifi|symmetric|600mb|gaming,359.88,,12 months,,Residential,Broadband,600,,,Best Seller,4.6,Broadband,Fiber,,"Our most popular plan. Symmetric 600 Mb, perfect for streaming, gaming and remote work.",Symmetric 600/600 Mb|Wi-Fi 6 router|Mesh kit available|Free install,,,,5210,,NovaFibra 600 Mb,"Our Más popular Plan. Symmetric 600 Mb, perfect for streaming, gaming and remote work.",Fibra|broadband|home wifi|symmetric|600mb|gaming
FIBER-1G,NovaFiber 1 Gigabit,/plan/FIBER-1G,39.99,Connectivity|Broadband|Fiber,FIBER,https://images.unsplash.com/photo-1551703599-6b3e8379aa8d?auto=format&fit=crop&w=720&q=70,true,fiber|gigabit|broadband|premium|streaming|gaming,479.88,,12 months,,Residential,Broadband,1000,,,Most Popular,4.7,Broadband,Fiber,,"Gigabit fiber for power users, large households, and 4K streaming.",Symmetric 1 Gb/s|Wi-Fi 6E router|Free mesh kit|Priority support,,,,3104,,NovaFibra 1 Gigabit,"Gigabit Fibra for power users, large households, and 4K streaming.",Fibra|gigabit|broadband|premium|streaming|gaming
FIBER-2G,NovaFiber 2 Gigabit Pro,/plan/FIBER-2G,54.99,Connectivity|Broadband|Fiber,FIBER,https://images.unsplash.com/photo-1551703599-6b3e8379aa8d?auto=format&fit=crop&w=720&q=70,true,fiber|2 gigabit|premium|professional|max speed,659.88,,24 months,,Both,Broadband,2000,,,,4.8,Broadband,Fiber,,The fastest residential plan in our lineup. 2 Gb/s symmetric. Wi-Fi 7 router.,Symmetric 2 Gb/s|Wi-Fi 7 router|Static IPv4 included|24/7 priority line,,,,412,,NovaFibra 2 Gigabit Pro,The fastest residential Plan in our lineup. 2 Gb/s symmetric. Wi-Fi 7 router.,Fibra|2 gigabit|premium|professional|max speed
FIBER-100,NovaFiber 100 Mb Lite,/plan/FIBER-100,19.99,Connectivity|Broadband|Fiber,FIBER,https://images.unsplash.com/photo-1551703599-6b3e8379aa8d?auto=format&fit=crop&w=720&q=70,true,fiber|broadband|entry|cheap|browsing,239.88,,12 months,,Residential,Broadband,100,,,,4.0,Broadband,Fiber,,"Budget-friendly fiber for browsing, email, and HD streaming.",Symmetric 100/100 Mb|Wi-Fi 5 router|No setup fee,,,,1820,,NovaFibra 100 Mb Lite,"Budget-friendly Fibra for browsing, email, and HD streaming.",Fibra|broadband|entry|cheap|browsing
FIBER-BIZ,NovaFiber Business 1 Gb,/plan/FIBER-BIZ,59,Connectivity|Broadband|Business,FIBER-BIZ,https://images.unsplash.com/photo-1497366216548-37526070297c?auto=format&fit=crop&w=720&q=70,true,business|fiber|gigabit|static IP|SLA|professional,708,,24 months,,Business,Broadband,1000,,,New,4.5,Broadband,Business,,"Gigabit fiber with SLA, static IP and 4-hour repair guarantee.",Symmetric 1 Gb/s|Static IP|99.9% uptime SLA|4-hour repair,,,,198,,NovaFibra Business 1 Gb,"Gigabit Fibra with SLA, static IP and 4-hour repair guarantee.",business|Fibra|gigabit|static IP|SLA|professional
FIBER-PRO,NovaFiber Pro 10 Gb (Enterprise),/plan/FIBER-PRO,199,Connectivity|Broadband|Business,FIBER-BIZ,https://images.unsplash.com/photo-1497366216548-37526070297c?auto=format&fit=crop&w=720&q=70,false,enterprise|10 gigabit|dedicated|datacenter|SLA,2388,,36 months,,Business,Broadband,10000,,,,4.6,Broadband,Business,,Dedicated 10 Gb/s symmetric for offices and data-intensive workloads.,10 Gb/s dedicated|Account manager|1-hour repair SLA|BGP support,,,,14,,NovaFibra Pro 10 Gb (Enterprise),Dedicated 10 Gb/s symmetric for offices and data-intensive workloads.,enterprise|10 gigabit|dedicated|datacenter|SLA
MOB-PRE-5,NovaMobile Prepaid 5 GB,/plan/MOB-PRE-5,7.99,Connectivity|Mobile|Prepaid,MOB-PRE,https://images.unsplash.com/photo-1511707171634-5f897ff02aa9?auto=format&fit=crop&w=720&q=70,true,mobile|prepaid|5gb|no commitment|sim,95.88,,No commitment,,Residential,Mobile,,5GB,,,4.1,Mobile,Prepaid,,Top up monthly. 5 GB of data + unlimited calls within Spain.,5 GB / month|Unlimited calls|No contract|Free SIM,,,,1740,,NovaMóvil Prepaid 5 GB,Top up monthly. 5 GB of data + unlimited calls within Spain.,Móvil|prepaid|5gb|Sin permanencia|sim
MOB-PRE-15,NovaMobile Prepaid 15 GB,/plan/MOB-PRE-15,11.99,Connectivity|Mobile|Prepaid,MOB-PRE,https://images.unsplash.com/photo-1511707171634-5f897ff02aa9?auto=format&fit=crop&w=720&q=70,true,mobile|prepaid|15gb|no commitment|sim,143.88,,No commitment,,Residential,Mobile,,15GB,,,4.2,Mobile,Prepaid,,"More data, no contract. 15 GB + unlimited calls.",15 GB / month|Unlimited calls|5G ready|EU roaming included,,,,1330,,NovaMóvil Prepaid 15 GB,"More data, no contract. 15 GB + unlimited calls.",Móvil|prepaid|15gb|Sin permanencia|sim
MOB-CON-25,NovaMobile 25 GB Contract,/plan/MOB-CON-25,14.99,Connectivity|Mobile|Contract,MOB-CON,https://images.unsplash.com/photo-1511707171634-5f897ff02aa9?auto=format&fit=crop&w=720&q=70,true,mobile|contract|25gb|5g|household,179.88,,12 months,,Residential,Mobile,,25GB,,Best Seller,4.5,Mobile,Contract,,5G mobile plan with 25 GB and unlimited calls. Loyalty discount with NovaFiber.,25 GB / month|5G included|Free EU roaming|−5 € when bundled with fiber,,,,3960,,NovaMóvil 25 GB Contract,5G Móvil Plan with 25 GB and unlimited calls. Loyalty discount with NovaFibra.,Móvil|contract|25gb|5g|household
MOB-CON-50,NovaMobile 50 GB Contract,/plan/MOB-CON-50,19.99,Connectivity|Mobile|Contract,MOB-CON,https://images.unsplash.com/photo-1511707171634-5f897ff02aa9?auto=format&fit=crop&w=720&q=70,true,mobile|contract|50gb|5g|hotspot,239.88,,12 months,,Residential,Mobile,,50GB,,,4.5,Mobile,Contract,,"Twice the data, same low price. 5G + hotspot allowance.",50 GB / month|5G included|Mobile hotspot|EU roaming,,,,2630,,NovaMóvil 50 GB Contract,"Twice the data, same low price. 5G + hotspot allowance.",Móvil|contract|50gb|5g|hotspot
MOB-UNL,NovaMobile Unlimited,/plan/MOB-UNL,29.99,Connectivity|Mobile|Contract,MOB-CON,https://images.unsplash.com/photo-1511707171634-5f897ff02aa9?auto=format&fit=crop&w=720&q=70,true,mobile|unlimited|5g|premium|streaming,359.88,,12 months,,Residential,Mobile,,Unlimited,,Most Popular,4.7,Mobile,Contract,,"Unlimited 5G data. Stream, work, and travel without watching the meter.",Unlimited 5G|Free streaming pass|Worldwide roaming included|Hotspot 50 GB,,,,1820,,NovaMóvil Unlimited,"Unlimited 5G data. Stream, work, and travel without watching the meter.",Móvil|unlimited|5g|premium|streaming
MOB-FAM-100,"NovaMobile Family — 4 lines, 100 GB",/plan/MOB-FAM-100,49,Connectivity|Mobile|Family,MOB-FAM,https://images.unsplash.com/photo-1543269865-cbf427effbad?auto=format&fit=crop&w=720&q=70,true,mobile|family|4 lines|shared data|kids,588,20,12 months,,Residential,Mobile,,100GB,,Limited Offer,4.6,Mobile,Family,,"4 SIMs, 100 GB shared data, parental controls included.",4 lines|100 GB shared|Parental controls|Kids-safe filter free,,true,,880,2026-08-15,"NovaMóvil Familia — 4 lines, 100 GB","4 SIMs, 100 GB shared data, parental controls included.",Móvil|family|4 lines|shared data|kids
MOB-BIZ,NovaMobile Business Pro,/plan/MOB-BIZ,24,Connectivity|Mobile|Business,MOB-BIZ,https://images.unsplash.com/photo-1497366216548-37526070297c?auto=format&fit=crop&w=720&q=70,true,mobile|business|esim|priority|expense,288,,24 months,,Business,Mobile,,60GB,,,4.4,Mobile,Business,,eSIM-ready business mobile with expense reports and priority network access.,eSIM ready|60 GB / line|Priority network|Monthly expense report,,,,256,,NovaMóvil Business Pro,eSIM-ready business Móvil with expense reports and priority network access.,Móvil|business|esim|priority|expense
MOB-ESIM,NovaMobile Travel eSIM,/plan/MOB-ESIM,9.99,Connectivity|Mobile|Prepaid,MOB-PRE,https://images.unsplash.com/photo-1511707171634-5f897ff02aa9?auto=format&fit=crop&w=720&q=70,true,esim|travel|tourist|short term|data only,119.88,,No commitment,,Residential,Mobile,,20GB,,New,4.3,Mobile,Prepaid,,Activate in 90 seconds. 20 GB data eSIM with EU + 60 countries coverage.,Instant eSIM|20 GB / month|EU + 60 countries|Cancel any time,,,,612,,NovaMóvil Travel eSIM,Activate in 90 seconds. 20 GB data eSIM with EU + 60 countries coverage.,esim|travel|tourist|short term|data only
BND-DUAL-EG,NovaPower Dual — Electricity + Gas,/plan/BND-DUAL-EG,69,Bundles|Energy|Dual,BND-DUAL-EG,https://images.unsplash.com/photo-1473308822086-710304d7d30c?auto=format&fit=crop&w=720&q=70,true,bundle|dual fuel|electricity|gas|savings|residential,828,10,12 months,,Residential,Bundle,,,,Best Seller,4.6,Bundles,Dual Fuel,,"Save 10% on your electricity and gas when bundled. One bill, one app.",Electricity + Gas|10% bundle discount|Single monthly bill|NovaPower app,,,,2960,,NovaPower Dual — Electricity + Gas,"Save 10% on your electricity and gas when Packd. One bill, one app.",Pack|dual fuel|electricity|gas|savings|residential
BND-DUAL-FM,NovaConnect — Fiber 600 + Mobile 25 GB,/plan/BND-DUAL-FM,39.99,Bundles|Connectivity|Dual,BND-DUAL-FM,https://images.unsplash.com/photo-1518770660439-4636190af475?auto=format&fit=crop&w=720&q=70,true,bundle|fiber|mobile|dual|connectivity|household,479.88,20,12 months,,Residential,Bundle,600,25GB,,Most Popular,4.7,Bundles,Connectivity,,Fiber 600 Mb + mobile 25 GB on 5G. Save 20% vs. buying separately.,Fiber 600 Mb|Mobile 25 GB 5G|20% bundle discount|Wi-Fi 6 router included,,,,4120,,NovaConnect — Fibra 600 + Móvil 25 GB,Fibra 600 Mb + Móvil 25 GB on 5G. Save 20% vs. buying separately.,Pack|Fibra|Móvil|dual|connectivity|household
BND-TRIPLE,NovaTotal — Electricity + Fiber + Mobile,/plan/BND-TRIPLE,79.99,Bundles|All-in-one|Triple,BND-TRIPLE,https://images.unsplash.com/photo-1558002038-1055907df827?auto=format&fit=crop&w=720&q=70,true,bundle|triple|all-in-one|electricity|fiber|mobile,959.88,25,12 months,,Residential,Bundle,,,,Limited Offer,4.8,Bundles,Triple Play,,Everything you need in one place. Save 25% vs. buying each service separately.,Electricity (FlexPower)|Fiber 600 Mb|Mobile 25 GB 5G|25% bundle discount,,true,,2240,2026-09-01,NovaTotal — Electricity + Fibra + Móvil,Everything you need in one place. Save 25% vs. buying each service separately.,Pack|triple|all-in-one|electricity|Fibra|Móvil
BND-QUAD,NovaTotal Plus — Electricity + Gas + Fiber + Mobile,/plan/BND-QUAD,109.99,Bundles|All-in-one|Quad,BND-QUAD,https://images.unsplash.com/photo-1558002038-1055907df827?auto=format&fit=crop&w=720&q=70,true,bundle|quad|all-in-one|maximum savings,1319.88,30,12 months,,Residential,Bundle,,,,Most Popular,4.8,Bundles,All-in-one,,Our best value: every service in one bill. Save up to 30%.,Electricity + Gas|Fiber + Mobile|30% bundle discount|Priority support,,,,1180,,NovaTotal Plus — Electricity + Gas + Fibra + Móvil,Our best value: every service in one bill. Ahorra hasta un 30%.,Pack|quad|all-in-one|maximum savings
BND-FAMILY,NovaFamily — Fiber 1 Gb + 4 Mobile lines,/plan/BND-FAMILY,64.99,Bundles|Connectivity|Family,BND-DUAL-FM,https://images.unsplash.com/photo-1543269865-cbf427effbad?auto=format&fit=crop&w=720&q=70,true,bundle|family|fiber|4 lines|kids|savings,779.88,22,12 months,,Residential,Bundle,1000,,,,4.7,Bundles,Connectivity,,Built for families. Gigabit fiber + 4 mobile lines + parental controls.,Gigabit fiber|4 mobile lines (100 GB shared)|Parental controls|Mesh kit,,,,940,,NovaFamily — Fibra 1 Gb + 4 Móvil lines,Built for families. Gigabit Fibra + 4 Móvil lines + parental controls.,Pack|family|Fibra|4 lines|kids|savings
BND-WORK,NovaWork — Business Fiber + 3 Mobile lines,/plan/BND-WORK,79,Bundles|Business|Connectivity,BND-WORK,https://images.unsplash.com/photo-1497366216548-37526070297c?auto=format&fit=crop&w=720&q=70,true,business|bundle|fiber|mobile|small office,948,18,24 months,,Business,Bundle,1000,,,,4.5,Bundles,Business,,"Small-office bundle: business gigabit fiber + 3 lines, account manager included.",Gigabit business fiber|3 mobile lines 60 GB|Static IP|Account manager,,,,188,,NovaWork — Business Fibra + 3 Móvil lines,"Small-office Pack: business gigabit Fibra + 3 lines, account manager included.",business|Pack|Fibra|Móvil|small office
BND-GREEN,NovaGreen — 100% Renewable Bundle,/plan/BND-GREEN,84.9,Bundles|Energy|Green Plans,BND-GREEN,https://images.unsplash.com/photo-1518495973542-4542c06a5843?auto=format&fit=crop&w=720&q=70,true,green|bundle|sustainable|carbon neutral|certified,1018.8,12,12 months,,Residential,Bundle,,,100,Eco,4.7,Bundles,Green,,100% renewable electricity + carbon-offset gas + fiber. Made for climate-conscious homes.,100% renewable electricity|Carbon-offset gas|Fiber 600 Mb|Annual sustainability report,,,true,720,,NovaGreen — 100% Renovable Pack,100% Renovable electricity + carbon-offset gas + Fibra. Made for climate-conscious homes.,green|Pack|sustainable|carbon neutral|certified
BND-STARTER,NovaStarter — Fiber 300 + Mobile 15 GB,/plan/BND-STARTER,29.99,Bundles|Connectivity|Entry,BND-DUAL-FM,https://images.unsplash.com/photo-1518770660439-4636190af475?auto=format&fit=crop&w=720&q=70,true,bundle|entry|cheap|starter|fiber|mobile,359.88,,12 months,,Residential,Bundle,300,15GB,,New,4.4,Bundles,Connectivity,,Entry-level bundle for new movers. Fiber 300 + mobile 15 GB.,Fiber 300 Mb|Mobile 15 GB|Free setup|Cancel any time,,,,1330,,NovaStarter — Fibra 300 + Móvil 15 GB,Entry-level Pack for new movers. Fibra 300 + Móvil 15 GB.,Pack|entry|cheap|starter|Fibra|Móvil
SH-THERMO,NovaThermo Smart Thermostat,/plan/SH-THERMO,7.9,Smart Home|Devices|Heating,SH-THERMO,https://images.unsplash.com/photo-1545259742-b4fd8fea67e4?auto=format&fit=crop&w=720&q=70,true,smart home|thermostat|heating|wifi|savings,94.8,,24 months,,Residential,Smart Home,,,,Best Seller,4.6,Smart Home,Heating,,Smart thermostat with self-learning schedule. Save up to 23% on heating.,Self-learning schedule|NovaPower app|Free professional install|Save up to 23%,,,,530,,NovaThermo Smart Thermostat,Smart thermostat with self-learning schedule. Save up to 23% on heating.,Hogar Inteligente|thermostat|heating|wifi|savings
SH-PLUG,NovaPlug Smart Plug (4-pack),/plan/SH-PLUG,49,Smart Home|Devices|Energy,SH-PLUG,https://images.unsplash.com/photo-1558002038-1055907df827?auto=format&fit=crop&w=720&q=70,true,smart plug|wifi|energy monitor|4 pack,49,,One-off purchase,,Residential,Smart Home,,,,,4.4,Smart Home,Energy,,Wi-Fi plugs with per-device consumption tracking.,Energy monitor|Schedules & timers|4 plugs included|Works with Alexa & Google,,,,410,,NovaPlug Smart Plug (4-pack),Wi-Fi plugs with per-device consumption tracking.,smart plug|wifi|energy monitor|4 pack
SH-CAM,NovaCam Smart Security Camera,/plan/SH-CAM,79,Smart Home|Devices|Security,SH-CAM,https://images.unsplash.com/photo-1558002038-1055907df827?auto=format&fit=crop&w=720&q=70,true,security|camera|wifi|smart home|monitor,79,,One-off purchase,,Residential,Smart Home,,,,,4.5,Smart Home,Security,,1080p indoor camera with motion alerts and 7-day cloud history.,1080p HD|Motion alerts|7-day cloud history|Two-way audio,,,,280,,NovaCam Smart Security Camera,1080p indoor camera with motion alerts and 7-day cloud history.,security|camera|wifi|Hogar Inteligente|monitor
SH-DOOR,NovaLock Smart Door Lock,/plan/SH-DOOR,149,Smart Home|Devices|Security,SH-DOOR,https://images.unsplash.com/photo-1558002038-1055907df827?auto=format&fit=crop&w=720&q=70,true,smart lock|door|security|app control,149,,One-off purchase,,Residential,Smart Home,,,,New,4.4,Smart Home,Security,,Replace your keys with your phone. NFC + app + manual key fallback.,App + NFC entry|Auto-lock|Guest codes|Battery life 12 months,,,,145,,NovaLock Smart Door Lock,Replace your keys with your phone. NFC + app + manual key fallback.,smart lock|door|security|app control
SH-LIGHT,NovaLight Smart LED Kit (6 bulbs),/plan/SH-LIGHT,89,Smart Home|Devices|Lighting,SH-LIGHT,https://images.unsplash.com/photo-1558002038-1055907df827?auto=format&fit=crop&w=720&q=70,true,lighting|bulbs|wifi|color|smart home,89,,One-off purchase,,Residential,Smart Home,,,,,4.3,Smart Home,Lighting,,Six color-changing smart bulbs + one bridge.,16M colors|Schedules|Voice control|Bridge included,,,,320,,NovaLight Smart LED Kit (6 bulbs),Six color-changing smart bulbs + one bridge.,lighting|bulbs|wifi|color|Hogar Inteligente
SH-HUB,NovaHub Smart Home Gateway,/plan/SH-HUB,129,Smart Home|Devices|Hub,SH-HUB,https://images.unsplash.com/photo-1558002038-1055907df827?auto=format&fit=crop&w=720&q=70,true,hub|gateway|matter|zigbee|smart home,129,,One-off purchase,,Residential,Smart Home,,,,,4.5,Smart Home,Hub,,Matter + Zigbee + Thread hub. Connects every NovaPower smart device.,Matter + Zigbee + Thread|Local-first automations|Energy dashboard|Free firmware updates,,,,198,,NovaHub Hogar Inteligente Gateway,Matter + Zigbee + Thread hub. Connects every NovaPower smart device.,hub|gateway|matter|zigbee|Hogar Inteligente
SH-METER,NovaMeter Real-Time Energy Monitor,/plan/SH-METER,4.9,Smart Home|Devices|Energy,SH-METER,https://images.unsplash.com/photo-1473308822086-710304d7d30c?auto=format&fit=crop&w=720&q=70,true,energy monitor|real-time|consumption|app,58.8,,24 months,,Residential,Smart Home,,,,,4.4,Smart Home,Energy,,Track your home consumption second-by-second. Identify waste in seconds.,Real-time wattage|Per-circuit breakdown (with hub)|Cost forecast|No subscription,,,,365,,NovaMeter Real-Time Energy Monitor,Track your home consumption second-by-second. Identify waste in seconds.,energy monitor|real-time|consumption|app
SH-LEAK,NovaLeak Smart Water-Leak Sensor,/plan/SH-LEAK,39,Smart Home|Devices|Safety,SH-LEAK,https://images.unsplash.com/photo-1558002038-1055907df827?auto=format&fit=crop&w=720&q=70,false,leak|water|sensor|safety|home insurance,39,,One-off purchase,,Residential,Smart Home,,,,,4.3,Smart Home,Safety,,Detects leaks in seconds and alerts your phone — and a partner plumber if you opt-in.,Instant alerts|5-year battery|Optional partner plumber|Insurance discount,,,,88,,NovaLeak Smart Water-Leak Sensor,Detects leaks in seconds and alerts your phone — and a partner plumber if you opt-in.,leak|water|sensor|safety|home insurance
SH-SOLAR-3K,NovaSolar 3 kWp Roof Kit,/plan/SH-SOLAR-3K,69,Smart Home|Solar|Solar Kits,SH-SOLAR,https://images.unsplash.com/photo-1509391366360-2e959784a276?auto=format&fit=crop&w=720&q=70,true,solar|roof|3kwp|self-consumption|installation,828,,60 months,100% Renewable,Residential,Smart Home,,,100,Eco,4.6,Smart Home,Solar,,Solar roof kit (3 kWp). Production typically covers 60% of household consumption.,8 panels + inverter|Free study + permits|60-month financing|Production guarantee 25 years,,,true,412,,NovaSolar 3 kWp Roof Kit,Solar roof kit (3 kWp). Production typically covers 60% of household consumption.,solar|roof|3kwp|self-consumption|installation
SH-SOLAR-6K,NovaSolar 6 kWp Roof Kit,/plan/SH-SOLAR-6K,119,Smart Home|Solar|Solar Kits,SH-SOLAR,https://images.unsplash.com/photo-1509391366360-2e959784a276?auto=format&fit=crop&w=720&q=70,true,solar|roof|6kwp|self-consumption|family,1428,,60 months,100% Renewable,Residential,Smart Home,,,100,Most Popular,4.7,Smart Home,Solar,,Larger 6 kWp solar kit for big households or low-shade roofs. Net metering included.,16 panels + inverter|Free permits|Net metering|Production guarantee 25 years,,,true,234,,NovaSolar 6 kWp Roof Kit,Larger 6 kWp solar kit for big households or low-shade roofs. Net metering included.,solar|roof|6kwp|self-consumption|family
SH-EV-7K,NovaCharge 7 kW EV Charger,/plan/SH-EV-7K,599,Smart Home|EV|Chargers,SH-EV,https://images.unsplash.com/photo-1593941707882-a5bba14938c7?auto=format&fit=crop&w=720&q=70,true,ev|charger|7kw|home charging|wifi|type 2,599,,One-off purchase,,Residential,Smart Home,,,,New,4.5,Smart Home,EV Charging,,Type 2 home wallbox. 7 kW. Schedules itself to use your cheapest off-peak hours.,7 kW|Wi-Fi + 4G|Smart scheduling|Solar-aware mode,,,,168,,NovaCharge 7 kW Cargador VE,Type 2 home wallbox. 7 kW. Schedules itself to use your cheapest off-peak hours.,ev|charger|7kw|home charging|wifi|type 2
SH-EV-22K,NovaCharge 22 kW Wallbox Pro,/plan/SH-EV-22K,1099,Smart Home|EV|Chargers,SH-EV,https://images.unsplash.com/photo-1593941707882-a5bba14938c7?auto=format&fit=crop&w=720&q=70,true,ev|charger|22kw|three phase|fast charging|wallbox,1099,,One-off purchase,,Both,Smart Home,,,,,4.6,Smart Home,EV Charging,,Three-phase 22 kW wallbox for premium EVs and small fleets.,22 kW three-phase|RFID + app access|OCPP 1.6|Optional load-balancing,,,,76,,NovaCharge 22 kW Wallbox Pro,Three-phase 22 kW wallbox for premium EVs and small fleets.,ev|charger|22kw|three phase|fast charging|wallbox
SH-BATT,NovaBattery 5 kWh Home Storage,/plan/SH-BATT,49,Smart Home|Solar|Storage,SH-BATT,https://images.unsplash.com/photo-1497435334941-8c899ee9e8e9?auto=format&fit=crop&w=720&q=70,true,battery|home storage|5kwh|solar|backup,588,,60 months,,Residential,Smart Home,,,,,4.5,Smart Home,Solar,,Store excess solar production for night use. Power outage backup included.,5 kWh LiFePO4|Outage backup|10-year warranty|NovaPower app integration,,,,142,,NovaBattery 5 kWh Home Storage,Store excess solar production for night use. Power outage backup included.,battery|home storage|5kwh|solar|backup
ADD-INS-HOME,NovaProtect Home Insurance Add-on,/plan/ADD-INS-HOME,6.99,Add-ons|Insurance|Home,ADD-INS,https://images.unsplash.com/photo-1558002038-1055907df827?auto=format&fit=crop&w=720&q=70,true,insurance|home|appliance|protection|peace of mind,83.88,,12 months,,Residential,Add-on,,,,,4.2,Add-ons,Insurance,,"Covers electrical damage to your appliances, up to €5,000/year.","Up to €5,000 / year|24/7 claims line|Free engineer visit",,,,540,,NovaProtect Home Insurance Add-on,"Covers electrical damage to your appliances, up to €5,000/year.",insurance|home|appliance|protection|peace of mind
ADD-INS-DEV,NovaProtect Device Insurance,/plan/ADD-INS-DEV,4.99,Add-ons|Insurance|Mobile,ADD-INS,https://images.unsplash.com/photo-1511707171634-5f897ff02aa9?auto=format&fit=crop&w=720&q=70,true,insurance|mobile|device|broken|theft,59.88,,12 months,,Residential,Add-on,,,,,4.0,Add-ons,Insurance,,Damage and theft cover for your phone — same-day replacement.,Damage + theft|Same-day replacement|No excess on first claim,,,,312,,NovaProtect Device Insurance,Damage and theft cover for your phone — same-day replacement.,insurance|Móvil|device|broken|theft
ADD-MAINT,NovaMaintain — Annual Boiler Service,/plan/ADD-MAINT,3.99,Add-ons|Maintenance|Heating,ADD-MAINT,https://images.unsplash.com/photo-1605000797499-95a51c5269ae?auto=format&fit=crop&w=720&q=70,true,maintenance|boiler|annual|gas|safety,47.88,,12 months,,Residential,Add-on,,,,,4.3,Add-ons,Maintenance,,Annual boiler safety check + 24/7 emergency line. Save 50% on call-outs.,Annual safety check|24/7 line|50% off call-outs|Certified engineers,,,,488,,NovaMaintain — Annual Boiler Service,Annual boiler safety check + 24/7 emergency line. Save 50% on call-outs.,maintenance|boiler|annual|gas|safety
ADD-INSTALL,NovaInstall — Pro Installation Service,/plan/ADD-INSTALL,99,Add-ons|Installation,ADD-INSTALL,https://images.unsplash.com/photo-1558002038-1055907df827?auto=format&fit=crop&w=720&q=70,true,installation|pro|smart home|one off,99,,One-off purchase,,Both,Add-on,,,,,4.5,Add-ons,Services,,"Professional install for any NovaPower smart device, EV charger or solar.",Certified electrician|Fixed price|Same-week scheduling|Workmanship guarantee,,,,220,,NovaInstall — Pro Installation Service,"Professional install for any NovaPower smart device, Cargador VE or solar.",installation|pro|Hogar Inteligente|one off
ADD-PRIORITY,NovaPriority — 24/7 Premium Support,/plan/ADD-PRIORITY,2.99,Add-ons|Support,ADD-SUP,https://images.unsplash.com/photo-1497366216548-37526070297c?auto=format&fit=crop&w=720&q=70,true,support|priority|24/7|premium|service,35.88,,12 months,,Both,Add-on,,,,,4.4,Add-ons,Support,,Skip the queue. 24/7 premium line with average pickup in 30 seconds.,24/7 premium line|30-second pickup target|Dedicated agents|WhatsApp channel,,,,660,,NovaPriority — 24/7 Premium Support,Skip the queue. 24/7 premium line with average pickup in 30 seconds.,support|priority|24/7|premium|service
ADD-VPN,NovaSecure VPN,/plan/ADD-VPN,3.49,Add-ons|Security|Digital,ADD-DIG,https://images.unsplash.com/photo-1518770660439-4636190af475?auto=format&fit=crop&w=720&q=70,true,vpn|privacy|streaming|security|wifi,41.88,,12 months,,Residential,Add-on,,,,,4.2,Add-ons,Security,,"Encrypted browsing on every device. 60+ countries, no logs.",Unlimited bandwidth|60+ countries|No-log policy|5 simultaneous devices,,,,380,,NovaSecure VPN,"Encrypted browsing on every device. 60+ countries, no logs.",vpn|privacy|streaming|security|wifi
ADD-ROAM,NovaRoam — Worldwide Roaming Pass,/plan/ADD-ROAM,9,Add-ons|Mobile|Roaming,ADD-ROAM,https://images.unsplash.com/photo-1511707171634-5f897ff02aa9?auto=format&fit=crop&w=720&q=70,true,roaming|travel|abroad|data|day pass,108,,No commitment,,Residential,Add-on,,,,,4.1,Add-ons,Mobile,,1 GB / day worldwide while traveling. Activates only on the days you use it.,1 GB per day|Pay only on travel days|120+ countries|Activate from app,,,,290,,NovaRoam — Worldwide Roaming Pass,1 GB / day worldwide while traveling. Activates only on the days you use it.,roaming|travel|abroad|data|day pass
ADD-EVPASS,NovaCharge EV — Public Network Pass,/plan/ADD-EVPASS,4.99,Add-ons|EV,ADD-EVPASS,https://images.unsplash.com/photo-1593941707882-a5bba14938c7?auto=format&fit=crop&w=720&q=70,true,ev|public charging|network|app|fast,59.88,,12 months,,Residential,Add-on,,,,,4.4,Add-ons,EV,,"Access 60,000+ public EV chargers across Europe with one tap and one bill.","60,000+ chargers|EU-wide access|Single monthly bill|Live availability",,,,175,,NovaCharge EV — Public Network Pass,"Access 60,000+ public Cargador VEs across Europe with one tap and one bill.",ev|public charging|network|app|fast
INS-TECH-PHONE,NovaShield Phone Protection,/plan/INS-TECH-PHONE,4.99,Insurance|Tech|Smartphone Protection,INS-TECH,https://images.unsplash.com/photo-1511707171634-5f897ff02aa9?auto=format&fit=crop&w=720&q=70,true,smartphone|phone|accident|theft|breakdown|coverage|protection,,0,12 months,,Residential,Insurance,,,,New,4.5,Insurance,Tech Insurance,Smartphone Protection,"Accidental damage, theft and breakdown cover for your smartphone. Next-day replacement guarantee.",Accidental damage|Theft cover|Breakdown cover|Next-day replacement|Worldwide cover,https://images.unsplash.com/photo-1511707171634-5f897ff02aa9?auto=format&fit=crop&w=720&q=70,,false,,,NovaShield Protección Móvil,"Cobertura por daños accidentales, robo y avería para tu smartphone. Sustitución en 24 horas.",móvil|smartphone|accidente|robo|cobertura|protección
INS-TECH-LAPTOP,NovaShield Laptop & Device Cover,/plan/INS-TECH-LAPTOP,7.99,Insurance|Tech|Laptop Protection,INS-TECH,https://images.unsplash.com/photo-1497366216548-37526070297c?auto=format&fit=crop&w=720&q=70,true,laptop|tablet|device|accident|theft|business|coverage,,0,12 months,,Both,Insurance,,,,New,4.4,Insurance,Tech Insurance,Laptop Protection,"Comprehensive protection for laptops, tablets and smart home devices. Up to €2,000 cover per claim.","Accidental damage|Liquid damage|Theft|Up to €2,000 cover|Business use included",,,false,,,NovaShield Cobertura Portátil y Dispositivos,"Protección completa para portátiles, tablets y dispositivos del hogar inteligente.",portátil|tablet|dispositivo|accidente|robo|cobertura
INS-TECH-SMARTHOME,NovaShield Smart Home Protection,/plan/INS-TECH-SMARTHOME,9.99,Insurance|Tech|Smart Home Protection,INS-TECH,https://images.unsplash.com/photo-1558002038-1055907df827?auto=format&fit=crop&w=720&q=70,true,smart home|thermostat|camera|speaker|EV charger|cyber|protection,,10,12 months,,Residential,Insurance,,,,Bundle & Save,4.6,Insurance,Tech Insurance,Smart Home Protection,"All-in-one protection for your smart home ecosystem: thermostats, speakers, cameras, EV chargers and more.",All smart devices covered|EV charger protection|Camera & doorbell cover|Cyber protection included,,,false,,,NovaShield Protección Hogar Inteligente,"Protección integral para todo tu ecosistema domótico: termostatos, altavoces, cámaras y cargadores.",hogar inteligente|termostato|cámara|domótica|cargador|protección
INS-LIFE-TERM,NovaLife Term Life — 20 Years,/plan/INS-LIFE-TERM,14.90,Insurance|Life|Term Life,INS-LIFE,https://images.unsplash.com/photo-1559839734-2b71ea197ec2?auto=format&fit=crop&w=720&q=70,true,life|term|death benefit|family|protection|premium|coverage,,0,20 years,,Residential,Insurance,,,,Most Popular,4.8,Insurance,Life Insurance,Term Life,"€200,000 death benefit over 20 years. Fixed monthly premium, no medical exam for amounts under €100k.","€200,000 cover|Fixed premium|20-year term|No medical exam under €100k|Critical illness rider available",,,false,,,NovaVida Seguro de Vida Temporal 20 Años,"Capital de €200,000 durante 20 años. Prima fija mensual, sin reconocimiento médico hasta €100k.",vida|temporal|capital|familia|protección|prima
INS-LIFE-FAMILY,NovaLife Family Plan,/plan/INS-LIFE-FAMILY,24.90,Insurance|Life|Family Plan,INS-LIFE,https://images.unsplash.com/photo-1529156069-7c4832861dc4?auto=format&fit=crop&w=720&q=70,true,family|life|joint|children|couple|cover|protection|benefit,,15,No commitment,,Residential,Insurance,,,,Best Seller,4.9,Insurance,Life Insurance,Family Plan,Joint life cover for couples and families. Covers up to 4 family members with one affordable premium.,Covers up to 4 members|Joint life benefit|Critical illness included|Children cover included|Flexible term,,,false,,,NovaVida Plan Familiar,Cobertura de vida conjunta para parejas y familias. Cubre hasta 4 miembros con una sola prima.,familia|vida|conjunto|hijos|pareja|cobertura|protección
INS-CAR-THIRD,NovaDrive Third-Party Car Insurance,/plan/INS-CAR-THIRD,12.90,Insurance|Car|Third-Party,INS-CAR,https://images.unsplash.com/photo-1449965408869-eaa3f722e40d?auto=format&fit=crop&w=720&q=70,true,car|auto|third-party|liability|roadside|EU|motor,,0,12 months,,Residential,Insurance,,,,,4.2,Insurance,Car Insurance,Third-Party,Basic mandatory third-party liability cover. Complies with EU motor insurance requirements.,Third-party liability|EU compliant|24/7 roadside assistance|Legal defence included,,,false,,,NovaDrive Seguro de Coche a Terceros,Cobertura básica obligatoria de responsabilidad civil. Cumple con los requisitos de la UE.,coche|auto|terceros|responsabilidad civil|asistencia|motor
INS-CAR-COMP,NovaDrive Comprehensive Car Insurance,/plan/INS-CAR-COMP,29.90,Insurance|Car|Comprehensive,INS-CAR,https://images.unsplash.com/photo-1449965408869-eaa3f722e40d?auto=format&fit=crop&w=720&q=70,true,car|auto|comprehensive|theft|fire|damage|courtesy car|no-claims|motor,,5,12 months,,Residential,Insurance,,,,Most Popular,4.7,Insurance,Car Insurance,Comprehensive,"Full comprehensive cover including own damage, theft, fire, and natural events. Courtesy car included.",Own damage|Theft & fire|Natural events|Courtesy car|Windscreen cover|No-claims bonus protection,,,false,,,NovaDrive Seguro de Coche a Todo Riesgo,"Cobertura completa incluyendo daños propios, robo, incendio y fenómenos naturales.",coche|auto|todo riesgo|robo|incendio|daños|motor
INS-CAR-EV,NovaDrive EV Insurance,/plan/INS-CAR-EV,22.90,Insurance|Car|EV Insurance,INS-CAR,https://images.unsplash.com/photo-1593941707882-a5bba14938c7?auto=format&fit=crop&w=720&q=70,true,EV|electric vehicle|battery|charging|eco|green|motor|insurance,,0,12 months,,Residential,Insurance,,,,New,4.6,Insurance,Car Insurance,EV Insurance,"Specialist insurance for electric vehicles. Includes battery cover, charge-point liability and EV roadside assist.",Battery cover|Charge-point liability|EV roadside assist|Range anxiety cover|Replacement EV while in repair,,,true,,,NovaDrive Seguro Vehículo Eléctrico,Seguro especializado para vehículos eléctricos. Incluye cobertura de batería y asistencia en ruta.,vehículo eléctrico|batería|carga|eco|verde|motor|seguro
INS-HOME-BASIC,NovaHome Basic Home Insurance,/plan/INS-HOME-BASIC,9.99,Insurance|Home|Basic,INS-HOME,https://images.unsplash.com/photo-1568605114967-8130f3a36994?auto=format&fit=crop&w=720&q=70,true,home|house|fire|flood|theft|renters|contents|protection,,0,12 months,,Residential,Insurance,,,,,4.3,Insurance,Home Insurance,Basic,"Essential home cover: fire, flooding, theft. Simple and affordable for renters and first-time buyers.","Fire & smoke|Flooding|Theft & vandalism|Emergency assistance|Contents up to €20,000",,,false,,,NovaHogar Seguro de Hogar Básico,"Cobertura esencial del hogar: incendio, inundación, robo. Sencillo y asequible.",hogar|casa|incendio|inundación|robo|inquilinos|contenido|protección
INS-HOME-PREMIUM,NovaHome Premium Multi-Risk,/plan/INS-HOME-PREMIUM,18.90,Insurance|Home|Multi-Risk,INS-HOME,https://images.unsplash.com/photo-1568605114967-8130f3a36994?auto=format&fit=crop&w=720&q=70,true,home|multi-risk|building|contents|cyber|liability|premium|protection,,10,12 months,,Residential,Insurance,,,,Best Seller,4.8,Insurance,Home Insurance,Multi-Risk,"Complete multi-risk home protection. Building + contents, legal liability, cyber and smart device cover included.",Building & contents|Legal liability|Cyber cover|Smart device protection|Temporary accommodation|Locksmith 24/7,,,false,,,NovaHogar Premium Multirriesgo,"Protección completa multirriesgo. Continente y contenido, responsabilidad civil, ciberseguridad y domótica.",hogar|multirriesgo|continente|contenido|ciberseguridad|responsabilidad|premium
INS-TRAVEL-ROAM,NovaTravel Roaming Shield,/plan/INS-TRAVEL-ROAM,3.99,Insurance|Travel|Roaming Bundle,INS-TRAVEL,https://images.unsplash.com/photo-1488646953014-85cb44e25828?auto=format&fit=crop&w=720&q=70,true,travel|roaming|mobile|luggage|medical|emergency|holiday|trip,,0,No commitment,,Residential,Insurance,,,,Bundle & Save,4.5,Insurance,Travel Insurance,Roaming Bundle,"Add-on travel cover that pairs with your NovaPower mobile plan. Medical emergencies, lost luggage, trip cancellation.",Medical emergency cover|Lost luggage|Trip cancellation|Roaming mobile cover|24/7 travel assistance,,,false,,,NovaViaje Escudo Roaming,"Cobertura de viaje que complementa tu plan móvil NovaPower. Emergencias médicas, equipaje perdido y cancelación.",viaje|roaming|móvil|equipaje|médico|emergencia|vacaciones
INS-TRAVEL-ANNUAL,NovaTravel Annual Multi-Trip,/plan/INS-TRAVEL-ANNUAL,8.99,Insurance|Travel|Annual,INS-TRAVEL,https://images.unsplash.com/photo-1488646953014-85cb44e25828?auto=format&fit=crop&w=720&q=70,true,travel|annual|multi-trip|worldwide|medical|family|unlimited,,0,12 months,,Residential,Insurance,,,,Most Popular,4.7,Insurance,Travel Insurance,Annual,"Unlimited trips in a year with a single annual premium. Up to 31 days per trip, worldwide cover.","Unlimited trips/year|Up to 31 days/trip|Medical €500k|Cancellation €5,000|Baggage €2,000|Family included",,,false,,,NovaViaje Anual Multi-Viaje,"Viajes ilimitados en un año con una sola prima anual. Hasta 31 días por viaje, cobertura mundial.",viaje|anual|multi-viaje|mundial|médico|familia|ilimitado
